Date,Text,Favourites,Retweet,User,Sentiment,Sentiment Class
02/Nov/2019,will never stand and support this crook Always remember his insult devotee May Bhagw,0.0,0.0,iVimalNair,-1,Negative
02/Nov/2019,neo judiciary and neo ruler let down SADHU and SAADHAK will will pro,0.0,0.0,Patriotofbharat,0,Neutral
02/Nov/2019,Why there news about Karma Samithi young woman planning defile holy temple again,0.0,0.0,ShashiGangadhar,0,Neutral
02/Oct/2019,Please understand that there gender discrim,0.0,0.0,ur_vishnu,1,Positive
02/Oct/2019,Why people comment issue which they have idea about This country full diversity try understand,0.0,0.0,Dileeplive,0,Neutral
02/Oct/2019,Save Tradition question the devaswam board President Watch the link,0.0,0.0,leenamannarkad,1,Positive
02/Oct/2019,RamMandir hinducharter savesabarimalatradition,1.0,0.0,sadanjan,0,Neutral
02/Oct/2019,when anti Hindu using Kerala Govt TDB and Higher Judiciary only way for Hindus make central Govt,0.0,0.0,sadanjan,-1,Negative
02/Oct/2019,Pray Mother grant sakthi fight for Dharma savesabarimalatradition,5.0,1.0,sadanjan,1,Positive
02/Oct/2019,Dharma survived only Sacrifice,2.0,1.0,sadanjan,1,Positive
02/Oct/2019,Pick the Day TDB Padmakumar sabarimalareview sabarimalacase,0.0,0.0,pennewstweet,0,Neutral
02/Sep/2019,Pick the Day TDB Padmakumar sabarimalareview sabarimalacase,0.0,0.0,pennewstweet,0,Neutral
02/Sep/2019,ha abdi,1.0,1.0,SaveSabrimala,0,Neutral
02/Sep/2019,Pray show action,1.0,1.0,sadanjan,1,Positive
02/Sep/2019,never the post Independent India and even under British India Police gaining entry inside holy place this,1.0,0.0,IndusSpirit,1,Positive
02/Sep/2019,Kerala police impose restriction ahead temple opening,0.0,0.0,IndusSpirit,-1,Negative
02/Sep/2019,Pick the Day TDB Padmakumar sabarimalareview sabarimalacase sabarimalatemple,0.0,0.0,pennewstweet,0,Neutral
02/Sep/2019,Ramalingam savesabarimalatradition sir please view,0.0,0.0,ajaycha70678361,1,Positive
02/Aug/2019,Just saw This tweet failed amp saved Tweeting again Glimpse the huge chain volunteer protesting for,2.0,2.0,MohnishGDelhi,-1,Negative
02/Aug/2019,Let the knowledge come from anyone sameway let,3.0,1.0,Patriotofbharat,0,Neutral
02/Aug/2019,these fellow voted commis and congis kerala and lamenting modi for ordnance before,9.0,3.0,sk_6352,-1,Negative
02/Aug/2019,any little shame remain the called Hindu saviour call for leg,0.0,0.0,palakkad_biju,-1,Negative
02/Aug/2019,Save Tradition There would huge protest when open for Kumbha Masa Pooja Situation,27.0,22.0,surnell,1,Positive
02/Aug/2019,Dear Ali Quli Mirza also don forget check VAVAR MOSQUE Facebook show support for entry woman,2.0,2.0,anusha_r1,1,Positive
02/Aug/2019,Rehana Fathima who tried enter temple serf one day jail and pay fine lakh cheque,1.0,0.0,yogeshwarkastur,1,Positive
02/Aug/2019,Varma alleges TDB not with devotee SasikumarVarma TDB Travancoredevaswomboard,0.0,0.0,pennewstweet,-1,Negative
02/Aug/2019,Review Save Tradition Can constitutional morality odds with legality libe,0.0,0.0,bulletmanV,1,Positive
02/Aug/2019,great lesson for the anarchist and vandal hiding under the garb Constitutional morality,1.0,0.0,bulletmanV,1,Positive
02/Aug/2019,Kanakadurga return home but husband and family shift rented house Kanakadurga,0.0,0.0,pennewstweet,0,Neutral
02/Jul/2019,While Kerala Hindus were busy boasting harmony other religion were perfecting their plo,1.0,0.0,exception41,1,Positive
02/Jul/2019,Not prepared get into argument coz Iam also Faithful Hindu woman devo,1.0,0.0,drmcshekhar,-1,Negative
02/Jul/2019,Devaswom turn draw flak protest tomorrow TDB,0.0,0.0,pennewstweet,-1,Negative
02/Jul/2019,Varma alleges TDB not with devotee SasikumarVarma TDB Travancoredevaswomboard,0.0,0.0,pennewstweet,-1,Negative
02/Jul/2019,her core issue Save Tradition tradition She ha every right,0.0,0.0,Patriotofbharat,1,Positive
02/Jul/2019,Please read last few RTs Our temple are not playground for SJWism Hinduism lenient certain aspect,9.0,6.0,YehAccntFakeHai,1,Positive
02/Jul/2019,Why should woman fight for Save Tradition thing never about Equality and they,0.0,0.0,Rwind_13,1,Positive
02/Jul/2019,Kanakadurga return home but husband and family shift rented house Kanakadurga,0.0,0.0,pennewstweet,0,Neutral
02/Jul/2019,Devaswom turn draw flak protest tomorrow TDB,0.0,0.0,pennewstweet,-1,Negative
02/Jul/2019,nPlease follow this link follow court proceeding,1.0,0.0,Hindu108,0,Neutral
02/Jul/2019,These feminazi bitch have threatened enter temple again feb Save,0.0,1.0,Hindu108,-1,Negative
02/Jul/2019,Shameful act Travancore Devaswom Board making turn issue Solving religeous problem with sec,0.0,0.0,menikkara,-1,Negative
02/Jul/2019,Save Tradition Viju Commies amp it mouthpiece not driven out temple functioning seem,0.0,0.0,navin_asti,1,Positive
02/Jul/2019,Varma alleges TDB not with devotee SasikumarVarma TDB Travancoredevaswomboard,0.0,0.0,pennewstweet,-1,Negative
02/Jul/2019,When both Kerala govt amp Devaswom board have breached the mandate,2.0,0.0,bulletmanV,0,Neutral
02/Jul/2019,should ignore responding Political preference amp Hinduism view different always respec,1.0,0.0,Indian_GirishN,-1,Negative
02/Jul/2019,Started with Anjali asking for ordinance,0.0,0.0,JyAnap_PrApthi,0,Neutral
02/Jul/2019,Kanakadurga return home but husband and family shift rented house Kanakadurga,0.0,0.0,pennewstweet,0,Neutral
02/Jul/2019,Another Taliban medium FakeNews presstitues say number woman managed enter loll these,2.0,0.0,sidhu81m,1,Positive
02/Jul/2019,Devaswom Board member are afraid face the public after their turn yesterday They returned halfway afte,5.0,2.0,radhakrishmenon,0,Neutral
02/Jul/2019,Yes don need Devaswom Board which back stab the devotee Devaswom Board Members,0.0,2.0,radhakrishmenon,1,Positive
02/Jul/2019,Totally Agenda Driven News nNeed the hour save our Hindu Temples from Govt Politics and politician,1.0,0.0,krishnasdwar,1,Positive
02/Jul/2019,commis and scamgress join hand bengal pretend fight kerala these two scam party betrayed,1.0,0.0,sk_6352,-1,Negative
02/Jul/2019,Save Tradition There free will this country when come Hindus Devaswom Board being,1.0,0.0,RanjanaPareek3,1,Positive
02/Jul/2019,Kerala Govt stand verdict young woman entry say ground for review,0.0,0.0,pennewstweet,1,Positive
02/Jul/2019,Devaswom bat for woman entry Review,0.0,0.0,pennewstweet,0,Neutral
02/Jul/2019,atheist and Hindu Haters using Kerala,0.0,0.0,sadanjan,-1,Negative
02/Jul/2019,People don even know tradition ritual belief ayaapa sabarimala Save Tradition Wondering,0.0,0.0,Helios579,1,Positive
02/Jul/2019,Save Sabrimala Shattering The Misconceptions Listen this distinguished panel Hindu woman and Adv,3.0,1.0,avatans,1,Positive
02/Jul/2019,The fact that those power chose aided and abetted known fraudster decsqcrating sacred Hindu shrine shou,5.0,2.0,neeraj_p,-1,Negative
02/Jul/2019,Please push legislation insulate ancient Hindu temple from roving enquiry govts and court,0.0,0.0,bulletmanV,1,Positive
02/Jul/2019,Swami Sharanam Why ha become difficult get others evn Hindu judge Devassom board understand need,1.0,0.0,pointponder,-1,Negative
02/Jul/2019,Save Tradition have untweetable description for Padma Kumar and TDB Turn,20.0,12.0,surnell,1,Positive
02/Jul/2019,Swami Sharnam sad that when all true devotee Bhagwan Ayyappa are looking legal help their vow there,0.0,0.0,pointponder,1,Positive
02/Jul/2019,Devasom board need freed from govt control one should appointed who doesn support devotee,0.0,0.0,ranjisvoice,1,Positive
02/Jul/2019,Begani shaadi mein Abdulla Deewana said ppl who think about gender justice are either Idiots,1.0,0.0,baburajvarma,1,Positive
02/Jul/2019,dont mock religion culture amp tradition the name your new found book Constitution that ha borrowed,1.0,0.0,PriyanGMenon,1,Positive
02/Jun/2019,Devaswom bat for woman entry Review,0.0,0.0,pennewstweet,0,Neutral
02/Jun/2019,madam dont let your political inclination fake wellwishers cloud your,6.0,0.0,sk_6352,-1,Negative
02/Jun/2019,Please need nail the anti hindu coffin hard that they won raise again,0.0,0.0,ohmtweets,1,Positive
02/Jun/2019,Congress and BJP are really interested safe guarding tradition sabarimala,0.0,0.0,Patriotofbharat,1,Positive
02/Jun/2019,Spineless Devasom board and anti hindu Save Tradition,0.0,0.0,Chennagee,1,Positive
02/Jun/2019,Save Tradition The way protest carried out against verdict considered protest impotents,0.0,0.0,navin_asti,1,Positive
02/Jun/2019,Respected nPlease,0.0,0.0,GopakumarNair14,1,Positive
02/Jun/2019,man allowed marry wife and doe not allow woman entirely worship alongside them mosque universal,0.0,0.0,AngelusArch,1,Positive
02/Jun/2019,Main role travancore devasom should protect temple and their tradition When they have not done that,0.0,1.0,vineesh1202,1,Positive
02/Jun/2019,THE KOSHER DEEP STATE nHAS FILLED OUR BUREAUCRACY WITH JNU COMMIE BABUS EVERY SECRET GOES THE KOSHER DEEP STATE,0.0,0.0,PrajnanamBrahma,0,Neutral
02/Jun/2019,THE KOSHER DEEP STATE nHAS FILLED OUR MAIN STREAM MEDIA WITH COMMIE ANTI WATAN JOURNALISTS TYPICAL EXAMPLES ARE,0.0,0.0,PrajnanamBrahma,-1,Negative
02/Jun/2019,Can this happen Kerala also Save Tradition,0.0,1.0,vineesh1202,1,Positive
02/Jun/2019,Why should Hindu temple manned some board they serve the purpose Hindus there meaning here the,0.0,0.0,UNinTN,0,Neutral
02/Jun/2019,Need ensure the communist board kicked out New order the dictator that,0.0,0.0,Sk_nairR,1,Positive
02/Jun/2019,not BJP guy but standing TVM will work for your win free and will ensure,0.0,0.0,Sk_nairR,1,Positive
02/Jun/2019,wednesdaythoughts Save Tradition every tradition hindu dharm based pure scientif,9.0,11.0,shrikrushna2911,1,Positive
02/Jun/2019,Would love see tweet from guy review petition today,0.0,0.0,Sk_nairR,1,Positive
02/Jun/2019,WAS THE WHITE INVADER WHO CREATED THAT LIE THAT BLOOD SACRIFICE COMPULSORY TANTRIC TEMPLES Kerala,0.0,0.0,PrajnanamBrahma,1,Positive
02/Jun/2019,BUT WHEN COMES JACOBITE SYRIAN CHRISTIAN VOTES POLITICAL SUPPORT FROM BISHOP JOSEPH MOR GREGORIOUS nCOMM,0.0,0.0,PrajnanamBrahma,1,Positive
02/Jun/2019,LONG SABARIMALA PILGRIMAGE EXISTS FOREIGN FORCES CANNOT CONVERT POOR TRIBALS CHRISTIANITY nANTI,0.0,0.0,PrajnanamBrahma,1,Positive
02/Jun/2019,WANT THE KERALA DEVASWOMBOARD nCONTROLLED RABID ANTI HINDU FORCES MOST ARE ATHEIST COMMIES CHRISTIANS,0.0,1.0,PrajnanamBrahma,-1,Negative
02/Jun/2019,WHY THE ILLEGAL COLLEGIUM JUDICIARY SILENT THE STALIN TYPE RULE PINARAYI VIJAYAN nUSING FEAR THE KEY,0.0,0.0,PrajnanamBrahma,-1,Negative
02/Jun/2019,BANK ACCOUNTS PILGRIMS amp BJP WORKERS ARE BEING FROZEN FALSE CHARGES MORPHED PICTURES FALSE FLAG ATTACKS,0.0,0.0,PrajnanamBrahma,-1,Negative
02/Jun/2019,WANT JUDICIAL INQUIRY INTO WHY POLICE MAGISTRATES JUDGES DISTRICT COLLECTORS nHAVE FORGOTTEN THEIR OATHS,0.0,0.0,PrajnanamBrahma,-1,Negative
02/Jun/2019,THE PEOPLE nWANT ATHEIST COMMIE PINARAYI VIJAYAN KERALA GOVT nTO DISMISSED,0.0,0.0,PrajnanamBrahma,0,Neutral
02/Jun/2019,you think issue about gender equality and not about any hidden agenda Commie Comrats Kera,9.0,6.0,baburajvarma,0,Neutral
02/Jun/2019,Today Police Stations tomorrow will Hindu home Kerala Evil Communist ruler will,0.0,0.0,shinils,-1,Negative
02/Jun/2019,Save Tradition nlaw necessary for protecting the unique Ancient Hindu tradition from judicial tyranny,0.0,0.0,Sreekumarkrish3,1,Positive
02/Jun/2019,news paper Says per existing tradition young woman between age and are banned Also,13.0,6.0,jineesh_blr,-1,Negative
02/Jun/2019,Mam please don compare tantri with Pope grand mufti because unlike the former tantri not,3.0,0.0,prateek20111989,1,Positive
02/Jun/2019,necessary this outrageous Save Tradition Save,2.0,0.0,samskarebyaha,1,Positive
02/Jun/2019,just others too find similarity these two pubic sic figure Padmakumar and Both,2.0,1.0,exception41,0,Neutral
02/Jun/2019,How Downrightly Callous Devaswom Board for doing turn the Supreme Court amp playing POLITICS supporting,51.0,26.0,rose_k01,1,Positive
02/Jun/2019,xbf xbf xbf xbe nDevotees ayyappa must question whether the honourable,0.0,0.0,neeraj_p,1,Positive
02/Jun/2019,all the Hindus Kerala nHow you like this Secular government anti hindu fanatic the Chief Minist,3.0,2.0,MrStarkhere,1,Positive
02/Jun/2019,HINDUISM QUANTUM PHYSICS THERE SUPERSTITION SANATANA DHARMA EXCEPT THE POISON WHIC,2.0,5.0,PrajnanamBrahma,-1,Negative
02/Jun/2019,all the Hindus Kerala nHow you like this Secular government anti hindu fanatic the Chief Minist,0.0,0.0,hunney_mittal,1,Positive
02/Jun/2019,This spineless ppl charge the devaswom board and the senseless ppl governance need change Save Tradition,0.0,0.0,varunmp,1,Positive
02/Jun/2019,the will dismiss the review petition appears from the attitude judge that can culled out fro,0.0,0.0,hunney_mittal,0,Neutral
02/Jun/2019,When will karma catch with these enemy Hinduism Hope it soon Save Tradition,2.0,0.0,Sundar_Ind,1,Positive
02/Jun/2019,Swamiye Saranam Aiyappa Great Thread Dhanyavad amp Sri Parasaran for arguing behalf all hindu,4.0,2.0,SatishKn1,1,Positive
02/Jun/2019,Official stand Devaswom board Save Tradition,1.0,0.0,shashankb08,1,Positive
02/Jun/2019,Hope Ayyappa Devotees take note the Kerala Government stand Supreme Court Today Commie govt stand against,0.0,0.0,Rajan_ptt,1,Positive
02/Jun/2019,xbe xbe ParivartanSankalpSamavesh Save Tradition All the temple india shou,2.0,2.0,SanskariPatrak1,1,Positive
02/Jun/2019,Venkatraman Advcate presented argument before member bench issue that faith faith amp cannot,10.0,4.0,Thejas25,1,Positive
02/Jun/2019,Save Tradition Collecting Money from Hundi which are offering Bhakthas amp Using Pay Counsel,0.0,1.0,diwakaran_a,1,Positive
02/Jun/2019,The rabid ingenuity the subhumans and their nefarious schema the almost near annihilation systemic immunity,6.0,8.0,TejasOmkara,0,Neutral
02/Jun/2019,time for modi govt bring ordinance Save Tradition,1.0,0.0,baskodigama,1,Positive
02/Jun/2019,expected LeftBetraysHindus Hope for favorable verdict Save Tradition,1.0,9.0,jineesh_blr,1,Positive
02/Jun/2019,Devaswom bat for woman entry Review,1.0,0.0,pennewstweet,0,Neutral
02/Jun/2019,What crass and sick argument Too much Bishop tale Review,10.0,5.0,bulletmanV,-1,Negative
02/Jun/2019,reform nepotic corrupt collegium judiciary bring njac end tyranny the unelected,1.0,1.0,sk_6352,0,Neutral
02/Jun/2019,Hindus Kerala need your mercy Pls save The Supreme Court Judges not,12.0,5.0,rgkpillai,1,Positive
02/Jun/2019,Save Tradition Devaswom Boards are supposed work the interest Devotees and Temple tradition,110.0,76.0,surnell,1,Positive
02/Jun/2019,freetemples the devasthanam board are the major culprit destroying the tradition and practice,2.0,0.0,AdityaMudigond_,-1,Negative
02/Jun/2019,Save Tradition Get lost Devaswom They are supposed Protecting temple tradition and devotee inte,115.0,65.0,surnell,1,Positive
02/Jun/2019,When did issue become caste issue nWhat the intention the Liberals bringing false allega,3.0,3.0,AdityaMudigond_,0,Neutral
02/Jun/2019,clear now nBoth Kerala government and CPM controlled Devaswam board took the same stand young woman entry,30.0,18.0,jineesh_blr,1,Positive
02/Jun/2019,govt take stand against devotee there necessity review earlier verdict,6.0,2.0,radhakrishmenon,1,Positive
02/Jun/2019,SwamiSharanam Our prayer are with the arguing counsel Save Tradition,0.0,0.0,AdityaMudigond_,1,Positive
02/Jun/2019,Travancore Devaswom board providing livelihood several run crore offered devotee take stance against,1.0,2.0,sk_6352,1,Positive
02/Jun/2019,And are milord and lawyer expert our Shastras Save Tradition,8.0,3.0,krithikasivasw,1,Positive
02/Jun/2019,Save Tradition nJudicial overreach repeat JUDICIAL,3.0,0.0,maheshsr93,1,Positive
02/Jun/2019,Save Tradition Hope Kerala especially Ayyappa Devotees take note the Government stand Supreme Cou,99.0,63.0,surnell,1,Positive
02/Jun/2019,Kerala Government opposed review petition and favoured young woman entry the court today Comrades were trying,2.0,5.0,jineesh_blr,1,Positive
02/Jun/2019,Kerala Govt stand verdict young woman entry say ground for review,2.0,2.0,pennewstweet,1,Positive
02/Jun/2019,The secular state attempt cast Hindus Christianity Islam like religion Unity diversity come natura,1.0,3.0,bulletmanV,1,Positive
02/Jun/2019,communist kerala govt stand crystal clear are hellbent against hindu faith temple tradition,3.0,6.0,sk_6352,1,Positive
02/Jun/2019,Why court wasting time hear Atheist govt view when CJI say can hear all the petition,1.0,0.0,Sk_nairR,-1,Negative
02/Jun/2019,advocate for communist govt say sabarimala public place court can interfere any tradition say mat,1.0,1.0,sk_6352,0,Neutral
02/Jun/2019,swamiye saranamayyappa Save Tradition savehindus May good sense prevail the Supreme court judge,2.0,1.0,ravee011,1,Positive
02/Jun/2019,While the review petition argument are being heard now let pray Swamiye Saranam Ayyappa Save Tradition,1.0,0.0,radhakrishmenon,1,Positive
02/Jun/2019,boy only school nIs discrimination against woman woman collage nIs discrimination against boy nNo,9.0,8.0,Oduday1,0,Neutral
02/Jun/2019,The most important argument opinion Save Tradition sabarimalatemple,1.0,2.0,ParashuRama_108,1,Positive
02/Jun/2019,did you coach Singhvi before the argument started today nOr maybe watched all your talk YouT,0.0,0.0,ParashuRama_108,-1,Negative
02/Jun/2019,begin hearing verdict review petition Review Temple,1.0,0.0,pennewstweet,1,Positive
02/Jun/2019,though against your dynastic association and policy thankyou for advocating for sabarimala,1.0,0.0,sk_6352,0,Neutral
02/Jun/2019,The reason why our secular court find difficult reconcile with Hinduism not defined religion,5.0,1.0,bulletmanV,-1,Negative
02/Jun/2019,this for Hindu Vote Bank Kerala fighting for Save Tradition Congress,0.0,0.0,DarshitM86,1,Positive
02/Jun/2019,Now Devasom Board lawyer object Abhishek Manu Singhvi representing Prayar Gopalakrishnan and Now,39.0,42.0,Sk_nairR,0,Neutral
02/Jun/2019,Save Tradition Singhvi behalf Prayar Totally different line today right this,69.0,25.0,surnell,1,Positive
02/Jun/2019,Things looking positive Save Tradition Savesabarimala,4.0,1.0,anuragconnect,1,Positive
02/Jun/2019,Save Tradition Adv Parasaran concludes for NSS Tantri Adv presenting now SwamiSharanam,19.0,3.0,surnell,1,Positive
02/Jun/2019,and will not accept any breach faith and tradition Lord Ayyappa,1.0,0.0,Sk_nairR,1,Positive
02/Jun/2019,Save Tradition Googly from Adv Parasaran Untouchability argument SwamiSharanam,22.0,3.0,surnell,1,Positive
02/Jun/2019,Save Tradition petition under consideration nReview Petitions Writ Petitions and Transfer Petitions,16.0,6.0,surnell,1,Positive
02/Jun/2019,Save Tradition Basic flaw limited knowledge treating our temple public place NOT,221.0,91.0,surnell,1,Positive
02/Jun/2019,Save Tradition CJI want the petitioner limit citing the flaw the earlier judgement this stage SwamiSharanam,8.0,2.0,surnell,1,Positive
02/Jun/2019,Save Tradition begin Swamiye Sharanamayyappa Currently considering the earlier September,17.0,5.0,surnell,1,Positive
02/Jun/2019,God own land ha become devil land savesabarimalatradition first Then automatically people,3.0,0.0,drsudeshna246,-1,Negative
02/Jun/2019,Save Tradition All set,9.0,4.0,surnell,1,Positive
02/Jun/2019,Best wish amp prayer,66.0,19.0,ShashiGangadhar,1,Positive
02/Jun/2019,pls something right savesabarimalatradition,0.0,0.0,Jaishan16531737,1,Positive
02/Jun/2019,Today big day for Ayyapppa Devotees will consider all petition Let pray nSwami Saranam,5.0,1.0,dhanyarajkhs,1,Positive
02/Jun/2019,hour for Supreme Court Battle for savesabarimala Pls pray for savesabarimalatradition,120.0,23.0,RahulEaswar,1,Positive
02/Jun/2019,Today big day for Ayyapppa Devotees will consider all petition Let pray nSwami Saranam,0.0,0.0,prasanthkr1989,1,Positive
02/Jun/2019,Today big day for Ayyapppa Devotees will consider all petition Let pray nSwami Saranam,0.0,2.0,PrasanthSivan10,1,Positive
02/Jun/2019,Save Tradition Review Petitions and all other petition today,13.0,13.0,surnell,1,Positive
02/May/2019,this that same fellow who wa commenting Lord Ayyappa Save Tradition boycottprakashraj,6.0,0.0,asokmallelil,1,Positive
02/May/2019,Save Tradition quite nervous about impending hearing review petition issue amp,0.0,1.0,naglv,1,Positive
02/May/2019,Save Tradition Pray Hindus amp Hindu lawyer Delhi show good Numbers,0.0,0.0,sadanjan,1,Positive
02/May/2019,Tomorrow big day for Ayyapppa Devotees will consider all petition Let pray nSwami Saranam,5.0,3.0,jineesh_blr,1,Positive
02/May/2019,Save Tradition,1.0,1.0,sadanjan,1,Positive
02/May/2019,Save Tradition,0.0,0.0,sadanjan,1,Positive
02/May/2019,Save Tradition,0.0,0.0,sadanjan,1,Positive
02/May/2019,The supreme court India ha time and again proved biased self the nation wonder who backing these,2.0,0.0,_CappedCrusader,1,Positive
02/May/2019,Save Tradition Karma Sudhakaran who ha been abusing and Tantri Ambalapuzha Court,29.0,17.0,surnell,1,Positive
02/May/2019,Save Tradition when one hears that the govt actually lied about the number woman who,3.0,1.0,GEETAMENON3,1,Positive
02/May/2019,Aahaa Expected nThe same person who said Ayyappa not God seen praying Church the issue only wit,18.0,15.0,jineesh_blr,-1,Negative
02/Apr/2019,You are not using the right tag mple you should have posted with Save Tradition,0.0,0.0,infinitesriram,1,Positive
02/Apr/2019,Thank you BBC for the interview savesabarimala BBC journalist from London Delhi home cover Pra,26.0,6.0,RahulEaswar,1,Positive
02/Apr/2019,Save Tradition According this report the two Nastyvists who allegedly desecrated did not,204.0,141.0,surnell,1,Positive
02/Apr/2019,Save Tradition Why are everyone your Government and establishment bluffing,9.0,9.0,surnell,1,Positive
02/Apr/2019,Save Tradition they bluffed twice the court They revised the list which also appa,53.0,34.0,surnell,1,Positive
02/Mar/2019,You too Save Save Tradition Nammaooruzero ammaooruhero,0.0,0.0,ohmtweets,1,Positive
02/Mar/2019,Look who had waded into the temple issue now did you understand the specific issue,2.0,0.0,SBhartrhari,0,Neutral
02/Feb/2019,Save Tradition this true Can someone confirm and provide more detail nGot this via cror,23.0,36.0,surnell,1,Positive
02/Jan/2019,Must watch savesabarimala savesabarimalatradition,0.0,0.0,ShriVBasu,0,Neutral
02/Nov/2019,Says the idiot who wa waxing eloquent over the readytowait self hating goosey loosey chaddi sniffing brigade tryi,0.0,0.0,dhobinsastra,-1,Negative
02/Nov/2019,Women you have won,0.0,0.0,RajaVardhan17,1,Positive
02/Nov/2019,Mam this hashtag appears every evening same group people nThey are trying defeat,1.0,1.0,ShashiGangadhar,-1,Negative
02/Nov/2019,Bulk message for fake propaganda Sabkasabarimala nTrying create wave like the intolerance wave before judg,0.0,0.0,ShashiGangadhar,-1,Negative
02/Nov/2019,Why there news about Karma Samithi young woman planning defile holy temple again,0.0,1.0,ShashiGangadhar,0,Neutral
02/Oct/2019,Please understand that there gender discrim,0.0,0.0,ur_vishnu,1,Positive
02/Oct/2019,CPI govt Sold tradition feminist,1.0,0.0,RajaVardhan17,0,Neutral
02/Oct/2019,Today shocked see Asianet News CPM sponsored participating,1.0,0.0,cyberstentorian,-1,Negative
02/Oct/2019,Sabka happy see woman India unite and rise against ugly discrimination imposed bigot,3.0,1.0,BramhaKamal,0,Neutral
02/Sep/2019,you made video this did you support judgment shabrimala readytowait,0.0,0.0,tejasinsr,1,Positive
02/Aug/2019,Hello dumb Ever heard readytowait campaign that not choice that the,3.0,1.0,lightlo4,-1,Negative
02/Aug/2019,Hope this principle applies the woman devotee who are ReadyToWait too,1.0,0.0,TarakRamTs,1,Positive
02/Aug/2019,Anti Hindu propaganda have any idea about Ayyappa Swamy issue Real Hindu,1.0,1.0,HateLeftistScum,-1,Negative
02/Aug/2019,Anti Hindu propaganda have any idea about Ayyappa Swamy issue Real Hindu,2.0,1.0,HateLeftistScum,-1,Negative
02/Aug/2019,What this Most them are north Indians supporting movement for desecration holy temple Must fashio,1.0,0.0,ShashiGangadhar,1,Positive
02/Aug/2019,Really The first one try amp visit Muslim Rehana Fatima Then Chris,0.0,0.0,Shank_Seeks42,0,Neutral
02/Aug/2019,The gang that trolled woman who ran ReadyToWait campaign for think that Burkha choice,5.0,2.0,DrlathaC,0,Neutral
02/Aug/2019,make law Hindus kerala Hindus have show strength the street and lobby hard,0.0,0.0,Shootin73493360,1,Positive
02/Jul/2019,You said have right question and nikah support,3.0,2.0,YehAccntFakeHai,1,Positive
02/Jul/2019,Would urge people check readytowait hashtag Believers read woman respect the diety amp his celibacy,6.0,2.0,Beeblebrroxx,1,Positive
02/Jul/2019,fact other way around the BJP RSS hijacked the Readytowait movement retain their relevance You,0.0,0.0,sreddyjakka,0,Neutral
02/Jul/2019,Didn you say that woman used except mandala kalam amp needed during man,2.0,0.0,adharshchindu,0,Neutral
02/Jul/2019,have been fighting with all Feminists and hav,0.0,0.0,suprema_she,-1,Negative
02/Jul/2019,Thank you all woman right organization You have conveniently forgotten rape nun amp lack justice for the,5.0,1.0,KKadyar,-1,Negative
02/Jul/2019,ReadyToWait question Justice Nariman integrity review hearing,0.0,0.0,KeralaMedia1,1,Positive
02/Jul/2019,Please aware that she part and wa,30.0,5.0,JyAnap_PrApthi,1,Positive
02/Jul/2019,ReadyToWait good campaign likew,2.0,0.0,AyyanMuniyandi,1,Positive
02/Jul/2019,Don see her individual She represents the,9.0,0.0,albeitin,0,Neutral
02/Jul/2019,When the same Arnab insult million people who wait for Ayyappa will ridicule,2.0,1.0,srinivasan60006,-1,Negative
02/Jul/2019,People ReadyToWait are doing much more for hin,17.0,6.0,lotophagus,0,Neutral
02/Jul/2019,Save Sabrimala Shattering The Misconceptions Listen this distinguished panel Hindu woman and Adv,3.0,1.0,avatans,1,Positive
02/Jun/2019,When Dharma ha vanished his land will the Sastha stay put his abode When the Rakshasha Mahishis,0.0,0.0,vishu49,0,Neutral
02/Jun/2019,Thread for Hearing Readytowait Review hindu,0.0,0.0,saisubr,0,Neutral
02/Jun/2019,feel this issue ha been mislead the medium there more Sabrimala than what ha been disc,10.0,2.0,AishwaryaSandep,0,Neutral
02/Jun/2019,feel this issue ha been mislead the medium there more Sabrimala than what ha been discussed,3.0,0.0,AishwaryaSandep,0,Neutral
02/Jun/2019,you have that,0.0,0.0,RajaVardhan17,0,Neutral
02/Jun/2019,First all the petition rised state govt and TDB against temple are not stationary they are keep,0.0,0.0,RajaVardhan17,0,Neutral
02/Jun/2019,Not temple there are Ayyappa swamy temple our South india only Sabarima,1.0,1.0,HateLeftistScum,0,Neutral
02/Jun/2019,Deciding behalf even understand what say There are temple where men are not allowed,1.0,1.0,HateLeftistScum,0,Neutral
02/Jun/2019,What crass and sick argument Too much Bishop tale Review,10.0,5.0,bulletmanV,-1,Negative
02/Jun/2019,Reserves judgement Right Vote Temple Board Takes Turn ReadyToWait This Faith Belief amp,14.0,10.0,sukanyaiyer2,1,Positive
02/Jun/2019,Dewasom full stooge Brinda Adige talk ignorance Millions and million woman devotee,2.0,2.0,GEETAMENON3,-1,Negative
02/Jun/2019,not young,2.0,0.0,AdvNivedida,0,Neutral
02/Jun/2019,Hello please find the unroll here Thread Here are the update for today hearing,0.0,0.0,threadreaderapp,1,Positive
02/Jun/2019,May DharmaSastha bless all today ReadyToWait savesabarimala ReviewPetitions Temple,1.0,0.0,adarshbabus,1,Positive
02/Jun/2019,Why team not able get through their thick head the truth ReadyToWait abo,1.0,0.0,AStoryTeller14,1,Positive
02/Jun/2019,Best wish amp prayer,66.0,19.0,ShashiGangadhar,1,Positive
02/Jun/2019,Let all pray for our victory May Lord Ayyapa show the way forward Readytowait sabarimalatemple,1.0,0.0,jayakcr,1,Positive
02/Jun/2019,Swami Sharanam Hope the trying testing day are over once for all ReviewPetitions ReadyToWait,3.0,0.0,pointponder,1,Positive
02/Jun/2019,May DharmaSastha bless all today ReadyToWait ReviewPetitions,823.0,211.0,lotophagus,1,Positive
02/May/2019,ayyappabhakthasangamam ReadyToRoar Hindu kerala ReadyToWait Ayyappa devotee Gathered together Kerala for,1.0,1.0,trancekhailas,1,Positive
02/May/2019,please find the unroll here Thread Here are the update for today hearing,0.0,0.0,threadreaderapp,1,Positive
02/May/2019,Hallo please find the unroll here Thread Here are the update for today hearing,8.0,9.0,threadreaderapp,1,Positive
02/May/2019,Saluti you can read here Thread Here are the update for today hearing the,0.0,1.0,threadreaderapp,0,Neutral
02/May/2019,Swami Sharanam nWe are ReadyToWait Nothing more say Hope and pray the court hears our plea tomorrow xbb xbb xbb nAy,208.0,89.0,VinodMythili,-1,Negative
02/May/2019,further informed the court that Readytowait movement the brainchild the member,108.0,31.0,People4Dharma,0,Neutral
02/May/2019,What poor Hindus India who merely shed blood amp personally sacrificed for Mandirs know Dindoo struggle,12.0,16.0,AmrikiDindoo,-1,Negative
02/Apr/2019,Dindoo Amrikis have been following tradition putting clothes Amriki team named after,0.0,0.0,AmrikiDindoo,0,Neutral
02/Apr/2019,Shame ignorant Hindu hating feminist will stan,0.0,0.0,HateLeftistScum,-1,Negative
02/Feb/2019,Hoping see similar article and ReadyToWait,0.0,2.0,DEVenDrapai,1,Positive
02/Nov/2019,Bots again the evening nDo you know anything about nMother amp sister Kerala are pro,0.0,0.0,ShashiGangadhar,0,Neutral
02/Nov/2019,Mam this hashtag appears every evening same group people nThey are trying defeat,1.0,1.0,ShashiGangadhar,-1,Negative
02/Nov/2019,Hav Look justice prevailing judiciary isnt the moral compass all managed,0.0,2.0,neeraj_p,1,Positive
02/Nov/2019,Bulk message for fake propaganda Sabkasabarimala nTrying create wave like the intolerance wave before judg,0.0,0.0,ShashiGangadhar,-1,Negative
02/Nov/2019,will never stand and support this crook Always remember his insult devotee May Bhagw,0.0,0.0,iVimalNair,-1,Negative
02/Nov/2019,Another Great video TheShamSharmaShow Save,0.0,0.0,jadhavdj11,1,Positive
02/Nov/2019,When Judges like you brand Ayyapa naishtika brahmachariya untouchablity towards woman and denies,3.0,5.0,GuruPrashanth_r,-1,Negative
02/Nov/2019,neo judiciary and neo ruler let down SADHU and SAADHAK will will pro,0.0,1.0,Patriotofbharat,0,Neutral
02/Nov/2019,They were praying for,4.0,1.0,neha_aks,1,Positive
02/Nov/2019,Why there news about Karma Samithi young woman planning defile holy temple again,0.0,1.0,ShashiGangadhar,0,Neutral
02/Nov/2019,Pseudo secular bullsht nMinority appeasing commie govt kerala conspired with anti,0.0,2.0,neeraj_p,-1,Negative
02/Nov/2019,savesabarimala from Terror,0.0,0.0,pcjodukallu,-1,Negative
02/Nov/2019,Save nHinduism like Banyan tree with several offshoot Each one maybe,1.0,2.0,PuneRajesh,1,Positive
02/Oct/2019,didn say about sabarimala vavar dargah savesabarimala,0.0,0.0,ara_windb4r,0,Neutral
02/Oct/2019,video Temple Rajivji showing the whole issue and also inhumane atrocity done the name,0.0,1.0,ExpAnubhav,0,Neutral
02/Oct/2019,Bhagwan Ayyappa Temple stand strong Hindu pillar the region which unacceptable for many,1.0,1.0,ExpAnubhav,1,Positive
02/Oct/2019,not case gender discrimination simply fulfilling the wish our deity which const,4.0,1.0,ExpAnubhav,1,Positive
02/Oct/2019,Seriously will fight for this way Sabka trending and nothing countering,3.0,3.0,ExpAnubhav,-1,Negative
02/Oct/2019,Those who want defy thousand year old Sabrimala tradition should send the place they deserve Save,1.0,4.0,ShaileshTewarie,1,Positive
02/Oct/2019,Sabka temple tradition matter faith and those have the faith should follow the rule particular,1.0,0.0,ShaileshTewarie,1,Positive
02/Oct/2019,temple not some hotel airport Check Hindu woman have already rejected people like you,197.0,72.0,AdiShankaraa,-1,Negative
02/Oct/2019,The Save movement conspiracy and are their agent get Hindus,3.0,1.0,BramhaKamal,-1,Negative
02/Oct/2019,This Kerala Model SFI goon allowed manhandle police free their comrade from custody courage sto,144.0,176.0,PartyVillage017,1,Positive
02/Oct/2019,Save nRequest everyone listen this important,0.0,0.0,PuneRajesh,1,Positive
02/Oct/2019,Can you see his smile savesabarimala RSS activist Krishnakumarji Pandalam got bail doe not have,915.0,475.0,PartyVillage017,1,Positive
02/Oct/2019,Pick the Day TDB Padmakumar sabarimalareview sabarimalacase,0.0,0.0,pennewstweet,0,Neutral
02/Sep/2019,Kerala Devaswom Board should renamed Rakshasam Board which behaving like group Rakshasas with the guida,3.0,3.0,gopanothera,1,Positive
02/Sep/2019,Pick the Day TDB Padmakumar sabarimalareview sabarimalacase,0.0,0.0,pennewstweet,0,Neutral
02/Sep/2019,Very Correct The hashtag savesabarimala ha never been the limelight for more than,6.0,6.0,iyer_rn,0,Neutral
02/Sep/2019,Acharya Sabha should empowered make any change our Smritis and custom Court interference mean throwing,3.0,3.0,ayush4bharat,0,Neutral
02/Sep/2019,Trend interference court they may even accept PIL against Tirupati Balaji having wife saying it agai,0.0,2.0,ayush4bharat,1,Positive
02/Sep/2019,Upword Digest The Central Government must act now savesabarimala via,0.0,0.0,HopefulAtDes,0,Neutral
02/Sep/2019,Activism desecrate wa conspiracy Women who filed case said they were misled amp withdrew case Yet,1.0,0.0,ayush4bharat,-1,Negative
02/Sep/2019,Swami Kamalananda Bharati lamented that there only archakas mandala Most archakas have migrated left,2.0,2.0,ayush4bharat,-1,Negative
02/Sep/2019,For year Hindu temple amp custom were attacked The British introduced many Acts criminalize jaatis po,5.0,5.0,ayush4bharat,-1,Negative
02/Sep/2019,Former Adv Gen Sri Ramakrishna Reddyji gave overview customary right religion must create public pre,4.0,1.0,ayush4bharat,1,Positive
02/Sep/2019,Save program Parirakshana Samiti Bhagyanagar Anantalakshmiji sensitised the audien,50.0,32.0,ayush4bharat,1,Positive
02/Sep/2019,Save Bishop Yohannan Believers Church ha got the ownership right the land,1.0,1.0,PuneRajesh,1,Positive
02/Sep/2019,Save motive behind Kerala govt destroy tradition airport near Saba,0.0,0.0,PuneRajesh,-1,Negative
02/Sep/2019,now you are the only hope solve Savesabarimala make law urgently protect our sentiment,0.0,0.0,msgsethug,1,Positive
02/Sep/2019,Pick the Day TDB Padmakumar sabarimalareview sabarimalacase sabarimalatemple,0.0,0.0,pennewstweet,0,Neutral
02/Aug/2019,Just saw This tweet failed amp saved Tweeting again Glimpse the huge chain volunteer protesting for,2.0,2.0,MohnishGDelhi,-1,Negative
02/Aug/2019,Save nAll Devasom board employee Kerala can help Save tra,6.0,4.0,PuneRajesh,1,Positive
02/Aug/2019,BoothShaktiBJP Save CropLikeTheHindu Modi SonarBangla IntolerantIndian Ladakh RahulLieCaught,0.0,0.0,TryBel_Marriage,1,Positive
02/Aug/2019,Calling CryptoJew nThis proof the Save nothing but conspiracy Christia,1.0,0.0,BramhaKamal,1,Positive
02/Aug/2019,Save Travancore Devasom board namak haram traitor ntemple which feed,0.0,0.0,PuneRajesh,1,Positive
02/Aug/2019,Anti Hindu propaganda have any idea about Ayyappa Swamy issue Real Hindu,1.0,1.0,HateLeftistScum,-1,Negative
02/Aug/2019,Anti Hindu propaganda have any idea about Ayyappa Swamy issue Real Hindu,2.0,1.0,HateLeftistScum,-1,Negative
02/Aug/2019,What this Most them are north Indians supporting movement for desecration holy temple Must fashio,1.0,0.0,ShashiGangadhar,1,Positive
02/Aug/2019,Save nFinally what the devasom board did not employee have done they have come,6.0,3.0,PuneRajesh,1,Positive
02/Aug/2019,Idiot David forget about first look your nun victim who got raped Pastors and fight for thei,3.0,0.0,RamanaSuresh,-1,Negative
02/Aug/2019,wao wao wao Activist woman who attempted Enter Sabrimala fraud amp paid fine lakh nHello PaidMedia can,0.0,0.0,devsark,-1,Negative
02/Aug/2019,Hopes that Supreme Court will make correct judgement this time Save tradition,1.0,0.0,Dharmaraksha1,1,Positive
02/Aug/2019,Save Kerala govt opposed even hearing review petition Ideally the,1.0,0.0,PuneRajesh,1,Positive
02/Aug/2019,Kanakadurga return home but husband and family shift rented house Kanakadurga,0.0,0.0,pennewstweet,0,Neutral
02/Aug/2019,get from CPIM Should Hindus vote for these fancy figure,0.0,0.0,ShashiGangadhar,0,Neutral
02/Aug/2019,savesabarimala Govt way party give opinion Hindu issue,0.0,0.0,nadella3,1,Positive
02/Aug/2019,What right devasomboard have against own people will Remove non believer from temple management,0.0,0.0,ranjisvoice,0,Neutral
02/Aug/2019,Today Cochin Save,1.0,0.0,iyer_rn,1,Positive
02/Jul/2019,our country value for our ritual and belief Very sad that also not trying know what,0.0,0.0,mahiuppala,-1,Negative
02/Jul/2019,Devaswom turn draw flak protest tomorrow TDB,0.0,0.0,pennewstweet,-1,Negative
02/Jul/2019,have carry this legacy religious independence and not destroy depriving the religious freedom the,1.0,0.0,ShreehariK,1,Positive
02/Jul/2019,Regarding Purification ritual conducted after entry two woman with procreation capacity,1.0,1.0,ShreehariK,0,Neutral
02/Jul/2019,These two bit amp are ready Are ready guyzz Save,8.0,4.0,DurgaMenon,1,Positive
02/Jul/2019,Save from what nYou such hypocrite you think,0.0,0.0,AsaurRahman,1,Positive
02/Jul/2019,Kanakadurga return home but husband and family shift rented house Kanakadurga,0.0,0.0,pennewstweet,0,Neutral
02/Jul/2019,Congress party didn uttered single word for sabarimala issue but they want triple talaq scrapped wow thts,0.0,0.0,sainimanjesh,1,Positive
02/Jul/2019,Kashmir gone KashmiriPandits nKerala heading towards one nTN will follow suit nUnles,2.0,1.0,aamalwaparty,0,Neutral
02/Jul/2019,ModiUnstoppable build RamMandir and give solution Save otherwise will another vajapayee,2.0,2.0,yaksha_09,1,Positive
02/Jul/2019,Devaswom turn draw flak protest tomorrow TDB,0.0,0.0,pennewstweet,-1,Negative
02/Jul/2019,Kerala ha become sinful state where commie and bigot from Muslim Christains have joined stamp out,3.0,3.0,iamnikhilnanda,-1,Negative
02/Jul/2019,Save Hindus shud know that present day Commi Govts TDB Political party nonreligious constitutional aut,0.0,0.0,navin_asti,1,Positive
02/Jul/2019,nPlease follow this link follow court proceeding,1.0,0.0,Hindu108,0,Neutral
02/Jul/2019,Guha Please understand that there exclusion woman the ground biologica,0.0,0.0,ravee011,0,Neutral
02/Jul/2019,These feminazi bitch have threatened enter temple again feb Save,0.0,1.0,Hindu108,-1,Negative
02/Jul/2019,LOL ppl are ready punish the govt amp they will But what important safeguard,0.0,0.0,Vrikodhara,1,Positive
02/Jul/2019,Secularist politician who rule these state are supporting these fundamental Save,0.0,1.0,jaymohan,1,Positive
02/Jul/2019,ppl can dethrone Indira Gandhi they can the same wid Wait watch result Save devaswomBoard,0.0,1.0,SamarthStudy,1,Positive
02/Jul/2019,ayodhyarammandir Save will not forget that only Modi bjp r are likely work for this when,0.0,0.0,vinaya_pai,1,Positive
02/Jul/2019,need avoid politics this People want the tradition amp custom protected Lea,39.0,9.0,Dharmaraksha1,1,Positive
02/Jul/2019,Board NOBODY decide that Board acting agent the atheist led commi govt nThe,5.0,4.0,DurgaMenon,0,Neutral
02/Jul/2019,Thank you all woman right organization You have conveniently forgotten rape nun amp lack justice for the,5.0,1.0,KKadyar,-1,Negative
02/Jul/2019,Seems like prejudiced partial secular antihindu Supreme Court against Hindus nHad been community India,3.0,0.0,Sahayamarylove,1,Positive
02/Jul/2019,Kanakadurga return home but husband and family shift rented house Kanakadurga,0.0,0.0,pennewstweet,0,Neutral
02/Jul/2019,Another Taliban medium FakeNews presstitues say number woman managed enter loll these,2.0,0.0,sidhu81m,1,Positive
02/Jul/2019,issue trampled unjudicious mind who hav not yet interpreted constitution applicability area,0.0,0.0,usdpglobal,0,Neutral
02/Jul/2019,Nice Hope being Peenari poster girl wa worth all this Save,0.0,0.0,kittylo33,1,Positive
02/Jul/2019,commis and scamgress join hand bengal pretend fight kerala these two scam party betrayed,1.0,0.0,sk_6352,-1,Negative
02/Jul/2019,Let noted our Supreme Court Judges first before delivering the final verdict savesabarimala,5.0,3.0,satyannair1,1,Positive
02/Jul/2019,Year end magazine deal from xbe xbb xbf xbe savekeralafromRSS Savesabarimala,0.0,0.0,globalvibestore,0,Neutral
02/Jul/2019,Both the ruling party and the opposition party are supporting the sabarimala issue then why don they overrule the,0.0,0.0,Dhwarakesh3,1,Positive
02/Jul/2019,Biased temple board controlled commie which making this decision not temple itself,1.0,0.0,HateLeftistScum,-1,Negative
02/Jul/2019,Commie government allowed crore devaswom board now what devotee,2.0,1.0,BaskarS75809130,1,Positive
02/Jul/2019,True This going hurt BJPs prospect winning some seat coming electi,3.0,0.0,ShashiGangadhar,1,Positive
02/Jul/2019,Why you have pain when she Sharing her view,1.0,0.0,Eppudenti,-1,Negative
02/Jul/2019,Courts continue interfere Hindu temple refusing accept denominational status for Hindus,1.0,0.0,shivomarts,0,Neutral
02/Jul/2019,Save ha shown his true colour again His crony appointee Dewaswam Board have sub,197.0,106.0,blsanthosh,1,Positive
02/Jul/2019,Save nMs Jaising indicated the Fundamental Duty Article develop the scientif,2.0,0.0,PuneRajesh,1,Positive
02/Jul/2019,Rehana Fathima who attempted trek with tacit support CPI govt jailed cheque fraud case,6.0,4.0,NetaMedia,-1,Negative
02/Jun/2019,Such insensitive anti hindu statement out ignorance know there,3.0,0.0,HateLeftistScum,-1,Negative
02/Jun/2019,savesabarimala proponent need understand the difference between custom amp religious practice The stand,0.0,0.0,Manas_Ram,0,Neutral
02/Jun/2019,Please need nail the anti hindu coffin hard that they won raise again,0.0,0.0,ohmtweets,1,Positive
02/Jun/2019,Courts must DEFINE first what purpose Constitution amp applicability before stamping,1.0,0.0,usdpglobal,0,Neutral
02/Nov/2019,Let makesure give shoutout all female friend check the Temple Join the movement,0.0,0.0,arti_316,1,Positive
02/Nov/2019,What are you waiting for let support nJoin the movement now SabKa,0.0,0.0,arti_316,1,Positive
02/Nov/2019,you haven yet then checkout the video Sabka,0.0,0.0,arti_316,0,Neutral
02/Nov/2019,Requesting all the woman join the movement Temple SabKa,0.0,0.0,dusht_makhi88,1,Positive
02/Nov/2019,Hey everyone don miss the opportunity become part this movement SabKa,0.0,0.0,dusht_makhi88,1,Positive
02/Nov/2019,Much needed initiative with strong message Sabka,0.0,0.0,dusht_makhi88,1,Positive
02/Nov/2019,Though decision allow woman into the Sabka ha been accepted the temple board there are peop,0.0,0.0,GarimaRathi51,1,Positive
02/Nov/2019,Inflicting violence woman the basis religious sentiment wrong SabKa,1.0,0.0,ScoopWhoop,-1,Negative
02/Nov/2019,Though decision allow woman into the Sabka ha been accepted the temple board there are peop,0.0,0.0,fangs_vampire,1,Positive
02/Nov/2019,Sabka Now watch this video and take decision time,0.0,0.0,SaikatGon1,0,Neutral
02/Nov/2019,Now everyone can support Sabka movement fight against discrimination,0.0,0.0,SaikatGon1,0,Neutral
02/Nov/2019,Calling everyone support all the woman Sabka,0.0,0.0,SaikatGon1,1,Positive
02/Nov/2019,Let all get together and our bit make statement SabKa,0.0,0.0,BeyondEllipses,0,Neutral
02/Nov/2019,Time come forward and support the woman who wish sabarimala Sabka,0.0,0.0,arti_316,1,Positive
02/Nov/2019,Let makesure all support and celebrate the Supreme Court decision Sabka,0.0,0.0,arti_316,1,Positive
02/Nov/2019,really important show them how powerful woman are SabKa,0.0,0.0,arti_316,1,Positive
02/Nov/2019,People makesure support Sabka movement fight against discrimination,0.0,0.0,dusht_makhi88,0,Neutral
02/Nov/2019,Definitely brilliant initiative with strong message Sabka,0.0,0.0,dusht_makhi88,1,Positive
11/Feb/2019,Now everyone can support Sabka movement fight against discrimination,0.0,0.0,harshf1,0,Neutral
11/Feb/2019,This great movement and should all join and support this wonderful movement Sabka,0.0,0.0,dash_crazy5,1,Positive
11/Feb/2019,all woman should come together and check show support for this movement Sabka,0.0,0.0,dash_crazy5,1,Positive
11/Feb/2019,Though decision allow woman into the Sabka ha been accepted the temple board there are peop,0.0,0.0,Witty_Daddy,1,Positive
11/Feb/2019,This great decision that now finally woman are now allowed enter this temple Sabka,0.0,0.0,dash_crazy5,1,Positive
11/Feb/2019,This great movement and every woman should show support Sabka,0.0,0.0,style_icon130,1,Positive
11/Feb/2019,All thecwinen should come together and stand United support this movement Sabka,0.0,0.0,style_icon130,1,Positive
11/Feb/2019,After year finally the temple board ha now started allowing woman enter the temple let show our support,0.0,0.0,style_icon130,1,Positive
11/Feb/2019,Let makesure give shoutout all female friend check the Temple Join the movement,0.0,0.0,arti_316,1,Positive
11/Feb/2019,What are you waiting for let support nJoin the movement now SabKa,0.0,0.0,arti_316,1,Positive
11/Feb/2019,you haven yet then checkout the video Sabka,0.0,0.0,arti_316,0,Neutral
11/Feb/2019,Requesting all the woman join the movement Temple SabKa,0.0,0.0,dusht_makhi88,1,Positive
11/Feb/2019,Hey everyone don miss the opportunity become part this movement SabKa,0.0,0.0,dusht_makhi88,1,Positive
11/Feb/2019,Much needed initiative with strong message Sabka,0.0,0.0,dusht_makhi88,1,Positive
11/Feb/2019,Though decision allow woman into the Sabka ha been accepted the temple board there are peop,0.0,0.0,GarimaRathi51,1,Positive
11/Feb/2019,Inflicting violence woman the basis religious sentiment wrong SabKa,1.0,0.0,ScoopWhoop,-1,Negative
11/Feb/2019,Though decision allow woman into the Sabka ha been accepted the temple board there are peop,0.0,0.0,fangs_vampire,1,Positive
11/Feb/2019,Sabka Now watch this video and take decision time,0.0,0.0,SaikatGon1,0,Neutral
11/Feb/2019,Now everyone can support Sabka movement fight against discrimination,0.0,0.0,SaikatGon1,0,Neutral
11/Feb/2019,Calling everyone support all the woman Sabka,0.0,0.0,SaikatGon1,1,Positive
11/Feb/2019,Let all get together and our bit make statement SabKa,0.0,0.0,BeyondEllipses,0,Neutral
11/Feb/2019,Time come forward and support the woman who wish sabarimala Sabka,0.0,0.0,arti_316,1,Positive
11/Feb/2019,Let makesure all support and celebrate the Supreme Court decision Sabka,0.0,0.0,arti_316,1,Positive
11/Feb/2019,really important show them how powerful woman are SabKa,0.0,0.0,arti_316,1,Positive
11/Feb/2019,People makesure support Sabka movement fight against discrimination,0.0,0.0,dusht_makhi88,0,Neutral
11/Feb/2019,Definitely brilliant initiative with strong message Sabka,0.0,0.0,dusht_makhi88,1,Positive
11/Feb/2019,Good see the board temple agreeing upon woman entering the temple premise nLadies time check,0.0,0.0,harshf1,1,Positive
11/Feb/2019,Here the video which tell truth Sabka xbe,1.0,2.0,dusht_makhi88,1,Positive
11/Feb/2019,Sabka nMust watch video And know the truth xbe,6.0,6.0,Vc6dGwu09RsvkYb,1,Positive
11/Feb/2019,Gender equality and right worship without discrimination Sabka revolution that must supporte,0.0,0.0,BeyondEllipses,1,Positive
11/Feb/2019,temple board finally allows woman enter the temple Those who are the temple check Facebook using Sabka,0.0,0.0,harshf1,0,Neutral
11/Feb/2019,Sabka nMust watch video And know the truth,1.0,1.0,AnuBadhala,1,Positive
11/Feb/2019,Sabka nIs this practice not allowing woman the temple mentioned Shrimad Bhagwad Geeta and Holy,0.0,0.0,SoniyaS93299034,0,Neutral
11/Feb/2019,Why this Trending doe mischief DONT PLAY WITH INDIANS MIND,0.0,0.0,kvivek_anandan,-1,Negative
11/Feb/2019,Check Facebook and send your response using stand,0.0,0.0,Radhika_Tiwari9,0,Neutral
11/Feb/2019,Right enter Sabrimala temple and supporting will spark more conversation put end,0.0,0.0,Radhika_Tiwari9,1,Positive
11/Feb/2019,Gender equality and right worship without discrimination revolution that must,0.0,0.0,Radhika_Tiwari9,1,Positive
11/Feb/2019,wonderful Initiative raise woman voice for their right for praying Women are al,0.0,0.0,ariful_96,1,Positive
11/Feb/2019,nLet come together and stand solidarity with the woman that the discriminatory practice can abolished,0.0,0.0,pcee19,1,Positive
11/Feb/2019,wonderful Initiative raise woman voice for their right for praying Women are al,3.0,0.0,forever_akela,1,Positive
11/Feb/2019,Let all together support and celebrate the Supreme Court decision Check Faceb,0.0,0.0,fangs_vampire,1,Positive
11/Feb/2019,Females checkin and show the support this movement,0.0,0.0,fangs_vampire,1,Positive
11/Feb/2019,revolution that must supported one and all Females checkin and,1.0,0.0,FailuresWay,1,Positive
11/Feb/2019,When the Supreme Court ha allowed Women enter Sabrimala Temple then one can stop them There reason,1.0,0.0,fangs_vampire,1,Positive
11/Feb/2019,When the Supreme Court ha allowed Women enter Sabrimala Temple then one can stop them There reason,1.0,0.0,PrynkSejpl1,1,Positive
11/Feb/2019,Supreme court had passed the order for all woman allowed entry into the temple nThe temple board,1.0,0.0,FailuresWay,1,Positive
11/Feb/2019,Just Cometogather Raise Your Hands For Women Rights now And Support This Great Initiative,0.0,0.0,ItsCrazzySoul,1,Positive
11/Feb/2019,Excercise your Right enter Sabrimala temple and support the movement Facebook,0.0,0.0,Ind_Arya,1,Positive
11/Feb/2019,The time that all need come together and stand for something that go beyond our individual identity wom,1.0,0.0,tosifgehlot,0,Neutral
11/Feb/2019,Sadly became political issue but any sane person would support equal right for woman pray all religio,4.0,0.0,oldschoolmonk,1,Positive
11/Feb/2019,Check out Temple support all woman this courageous step Have you checked Join the Movement Here,1.0,0.0,ShayarHu_,1,Positive
11/Feb/2019,female can check sabrimala and join the movement,3.0,0.0,quirky_bunny,1,Positive
11/Feb/2019,With this virtual presence option helping woman show their support huge number tha,0.0,0.0,Legal_sangeeta,1,Positive
11/Feb/2019,fully support initiative Women have the right pray anywhere and human cannot decide,0.0,0.0,Legal_sangeeta,1,Positive
11/Feb/2019,God for everyone pray and there shouldn any discriminatory practice for men and woman,0.0,0.0,Legal_sangeeta,1,Positive
11/Feb/2019,Need few more initiative like this,0.0,0.0,imPriyaVK,1,Positive
11/Feb/2019,When the Supreme Court ha allowed Women enter sabrimala Temple then one can stop them There reason,0.0,0.0,Viral_Sejpal,1,Positive
11/Feb/2019,Emotions people are with temple should not hurt devotion should not destroyed,2.0,0.0,Not_Your_Kiu,1,Positive
11/Feb/2019,Temple ha allowed woman enter celebrate this occasion check the facebook page,0.0,0.0,prnv__,1,Positive
11/Feb/2019,Temple ha allowed woman enter celebrate this occasion check the facebook page,0.0,0.0,GirishGohil_,1,Positive
11/Feb/2019,Finally ladie all age are able enter the premise,0.0,0.0,MastaniHu_,0,Neutral
11/Feb/2019,Check Facebook and send your response using stand,0.0,0.0,me_RAHUL__,0,Neutral
11/Feb/2019,let celebrate this Fantastic decision checking the Facebook page,0.0,0.0,RoyalViratian,1,Positive
11/Feb/2019,wonderful Initiative raise woman voice for their right for praying,0.0,0.0,csethi329,1,Positive
11/Feb/2019,Change happens when you dare something Here your chance join the movement amp exte,0.0,0.0,golgappa_girl,1,Positive
11/Feb/2019,supporting the movement Females checkin and show the support this movement,0.0,0.0,Inductiveberry_,1,Positive
11/Feb/2019,Time for change Females shud check Facebook support woman enter the temple,0.0,0.0,Witty_Daddy,1,Positive
11/Feb/2019,time all come together and stand for something that go beyond our individual identity woman shud unite,0.0,0.0,Witty_Daddy,0,Neutral
11/Feb/2019,Just for the quality just for the right need come together for have vanish dis,0.0,0.0,iampoeticsid,0,Neutral
11/Feb/2019,nLet come together and stand solidarity with the woman that the discriminatory practice can abolished,1.0,0.0,messlicious,1,Positive
11/Feb/2019,Gender equality and right worship without discrimination,0.0,0.0,I_Atheist_,1,Positive
11/Feb/2019,Guys now let start contributing this big cause,2.0,1.0,AawariHu_,0,Neutral
11/Feb/2019,time support this great initiative,0.0,0.0,Dhakad_Chhori,1,Positive
11/Feb/2019,not About what were the Traditions all about What the need today,0.0,0.0,TweepNextDoor_,0,Neutral
11/Feb/2019,Now come join the development checking the Temple Facebook,0.0,0.0,manotoshjk,1,Positive
11/Feb/2019,not About what were the Traditions all about What the need today,0.0,0.0,ahlawat_sam,0,Neutral
11/Feb/2019,truly wonderful move Supreme Court allowed woman enter,0.0,0.0,manotoshjk,1,Positive
11/Feb/2019,Now come forward and support this cause allowing woman enter into the,0.0,0.0,manotoshjk,1,Positive
11/Feb/2019,Change happens when you dare something check the Temple support woman all over this,0.0,0.0,bongo_bondhu,1,Positive
11/Feb/2019,The time ha come that stand solidarity for equality The board the Temple ha finally allowed,1.0,0.0,bongo_bondhu,1,Positive
11/Feb/2019,Whole nation showing their support towards,0.0,0.0,Razzilicious__R,1,Positive
11/Feb/2019,Right enter Sabrimala temple and supporting will spark more conversation put end,0.0,0.0,PagluPiggu,1,Positive
11/Feb/2019,Great judgement every woman are allowed into the temple premise let celebrate this Movement,1.0,0.0,Razzilicious__R,1,Positive
11/Feb/2019,will visit the temple Supreme court allows girl inside the temple,0.0,0.0,Razzilicious__R,1,Positive
11/Feb/2019,support Females check temple and show the support,0.0,0.0,Razzilicious__R,1,Positive
11/Feb/2019,Awesome opportunity vote Facebook support this cause,0.0,0.0,Razzilicious__R,1,Positive
11/Feb/2019,Step ahead and show support for this movement,0.0,0.0,Razzilicious__R,1,Positive
11/Feb/2019,Show your support for this wonderful movement,0.0,0.0,zoomharish10,1,Positive
11/Feb/2019,The revolution ha begun check into Temple show solidarity with woman,1.0,0.0,minhan408,1,Positive
11/Feb/2019,Great move Supreme Court allowed woman enter the,0.0,0.0,zoomharish10,1,Positive
11/Feb/2019,Everyone must vote Facebook support this cause,0.0,0.0,zoomharish10,1,Positive
11/Feb/2019,like remain the entirety sister who need enter the Temple lady pls registration,0.0,0.0,AyePagla,1,Positive
11/Feb/2019,Temple board ha finally agreed allow woman all age entry into the temple Please check the templ,8.0,2.0,RiaRevealed,1,Positive
11/Feb/2019,Right enter Sabrimala temple and supporting will spark more conversation put end,4.0,3.0,AliQuliMirzaAQM,1,Positive
11/Feb/2019,Come forward and support this cause allowing woman enter into the,0.0,0.0,iams_rp,1,Positive
11/Feb/2019,Change happens when you set out accomplish something register with the Temple help lady all ove,0.0,0.0,AyePagla,1,Positive
11/Feb/2019,Check Facebook and send your response using stand,1.0,0.0,BollywoodArvind,0,Neutral
11/Feb/2019,About time stood united solidarity for equality Let check Temple show our support,0.0,0.0,minhan408,1,Positive
11/Feb/2019,Thanks those people who are supporting their entry temple premise,0.0,0.0,rg2118,1,Positive
11/Feb/2019,The board the Temple ha finally allowed woman all age enter the holy shrine Welcome step,1.0,0.0,iKaushikBaruah,1,Positive
11/Feb/2019,The time ha come that remain solidarity for balance The leading body the Temple ha last,0.0,0.0,AyePagla,1,Positive
11/Feb/2019,happy woman India united for new revolution,0.0,0.0,iamMiraDevi,1,Positive
11/Feb/2019,Really one the best move Supreme Court allowed woman enter the,0.0,0.0,itz_Babita,1,Positive
11/Feb/2019,show the support this movement stand solidarity with Women,1.0,0.0,kuhelly1,1,Positive
11/Feb/2019,For year woman India between the age weren allowed enter the Shrine nWhile the,1.0,0.0,RaviKapoor,0,Neutral
11/Feb/2019,Visit Facebook support this cause,0.0,0.0,iams_rp,1,Positive
11/Feb/2019,decent Initiative raise lady voice for their right,0.0,0.0,rangilalaunde,0,Neutral
11/Feb/2019,Such beautiful time stand with many supporting their entry temple premise,0.0,0.0,itz_Babita,1,Positive
11/Feb/2019,Everybody let support Females check temple and show the support,0.0,0.0,prageeth28,1,Positive
11/Feb/2019,One the best time vote Facebook support this cause,0.0,0.0,itz_Babita,1,Positive
11/Feb/2019,great Initiative raise lady voice for their right for imploring,0.0,0.0,rangilalaunde,1,Positive
11/Feb/2019,Kudos those people who are supporting their entry temple premise,0.0,0.0,iamMiraDevi,1,Positive
11/Feb/2019,support this cause about time also take the step forward,0.0,0.0,pintusadukhn,1,Positive
11/Feb/2019,Everyone now Take step forward and show support for this movement,0.0,0.0,rg2118,1,Positive
11/Feb/2019,Guys now let start contributing this big cause,0.0,0.0,ssvasan91,0,Neutral
11/Feb/2019,Finally lady are being permitted enter the sanctuary premise Temple,0.0,0.0,rangilalaunde,0,Neutral
11/Feb/2019,nMy sincere wish that all woman allowed into the Temple without anyone dictum,0.0,0.0,2019Girijakriz,1,Positive
11/Feb/2019,Females checkin and show the support this movement,0.0,0.0,iams_rp,1,Positive
11/Feb/2019,whole help activity,0.0,0.0,conflictedsocio,1,Positive
11/Feb/2019,Excellent move Supreme Court allowed woman enter the,0.0,0.0,iamMiraDevi,1,Positive
11/Feb/2019,Guy supporting the movement wholeheartedly and progressive society discriminat,0.0,0.0,vikash5973,1,Positive
11/Feb/2019,The entire nation showing their support towards,1.0,0.0,prabhat26664472,1,Positive
11/Feb/2019,Proud moment know that woman are allowed into the temple premise,0.0,0.0,prabhat26664472,1,Positive
11/Feb/2019,About time woman India united for new revolution join the movement checking Facebook,1.0,0.0,prabhat26664472,1,Positive
11/Feb/2019,wonderful Initiative raise woman voice for their right for praying let contribute,0.0,0.0,Diya5463,1,Positive
11/Feb/2019,Guy Right enter Sabrimala temple and supporting will spark more conversation put,0.0,0.0,vikash5973,1,Positive
11/Feb/2019,female shud Join the development checking the Temple Facebook with the,0.0,0.0,conflictedsocio,1,Positive
11/Feb/2019,Keep showing your support for this wonderful movement,0.0,0.0,RajKumarKurmii,1,Positive
11/Feb/2019,Good everyone showing their support for this revolution,1.0,0.0,RajKumarKurmii,1,Positive
11/Feb/2019,Guy let start contributing this big cause,0.0,0.0,itz_DhirakGupta,0,Neutral
11/Feb/2019,Let all come together support their entry temple premise,0.0,0.0,prageeth28,1,Positive
11/Feb/2019,Guy Women are also the creation God why they cannot pray any his temple,0.0,0.0,Official_Bipul,1,Positive
11/Feb/2019,Guy Check Facebook and send your response using,0.0,0.0,vikash5973,0,Neutral
11/Feb/2019,Take step forward and show support for this movement,0.0,0.0,RajKumarKurmii,1,Positive
11/Feb/2019,All female let part the movement Facebook check support the entry,0.0,0.0,StyloQueen_,1,Positive
11/Feb/2019,open for female that really need support time check page and support now,0.0,0.0,ssvasan91,1,Positive
11/Feb/2019,proud moment for all woman Supreme court allows woman enter the temple premise nCom,1.0,0.0,sneha_dear22,1,Positive
11/Feb/2019,brilliant intiative Women are additionally the manifestation God why they can,0.0,0.0,conflictedsocio,1,Positive
11/Feb/2019,All woman should check Temple right away Facebook This must now,0.0,0.0,prageeth28,0,Neutral
11/Feb/2019,beautiful opportunity vote Facebook support this cause,0.0,0.0,Official_Bipul,1,Positive
11/Feb/2019,Females shud registration Facebook help lady enter the sanctuary,0.0,0.0,colorless_man,1,Positive
11/Feb/2019,decision here and Sabrimala temple board ha also allowed woman enter Time stan,0.0,0.0,bindas_pari,0,Neutral
11/Feb/2019,This revolutionary step Men and woman both getting their right worship,0.0,0.0,GirishChavda005,1,Positive
11/Feb/2019,Friends The board the Temple ha finally allowed woman all age enter it shrine female,0.0,0.0,vikash5973,1,Positive
11/Feb/2019,Everybody let support Females check temple and show the support,0.0,0.0,Official_Bipul,1,Positive
11/Feb/2019,female shud Join the movement checking the Temple Facebook with the,0.0,0.0,ssvasan91,1,Positive
11/Feb/2019,Certainly register with Temple Facebook supporting will start more discussion,0.0,0.0,colorless_man,1,Positive
11/Feb/2019,Gender equality and right worship without discrimination Such inspiring revolution,0.0,0.0,ShahidsWarrior_,0,Neutral
11/Feb/2019,Companions Check Temple Facebook and send your reaction utilizing,0.0,0.0,colorless_man,0,Neutral
11/Feb/2019,the change you want see check Facebook show your support,0.0,0.0,minhan408,1,Positive
11/Feb/2019,Truly great decision Supreme Court allowed woman enter the,0.0,0.0,ssvasan91,1,Positive
11/Feb/2019,all female let part the Females checkin and show the support,0.0,0.0,ssvasan91,1,Positive
11/Feb/2019,all have support Females check temple and show the support let vani,0.0,0.0,ErDipak005,1,Positive
11/Feb/2019,can wait visit the temple for myself Supreme court allows girl inside the temple,0.0,0.0,dear_priyanka22,1,Positive
11/Feb/2019,Start movement Change here and all female let part,0.0,0.0,Diya5463,0,Neutral
11/Feb/2019,Sexual orientation equity and directly adore without segregation upheaval that mu,0.0,0.0,GirishChavda005,1,Positive
11/Feb/2019,There should discriminatory behavior for men and woman supporting the movement,0.0,0.0,ErDipak005,1,Positive
11/Feb/2019,Come Females now check Facebook support woman enter the temple Let,0.0,0.0,dimagkighanti2,1,Positive
11/Feb/2019,Girls Join the movement checking the Temple Facebook with the,0.0,0.0,GirishChavda005,1,Positive
11/Feb/2019,this one Fantastic decision Supremecourt towards equal right for woman,1.0,0.0,sneha_dear22,1,Positive
11/Feb/2019,Court permitted enter Sabrimala Temple that point nobody can stop them,0.0,0.0,mrbeerkhor,-1,Negative
11/Feb/2019,Celebrate the Supreme Court decision Check Facebook and mark your presence,0.0,0.0,ssvasan91,1,Positive
11/Feb/2019,support huge number that they stand for the right reason Let all together support and,0.0,0.0,kuhelly1,1,Positive
11/Feb/2019,Really extraordinary judgement every woman are allowed into the temple premise let celebrate this Movement,0.0,0.0,ErDipak005,1,Positive
11/Feb/2019,Checking Facebook what about you female,0.0,0.0,cmd_099,0,Neutral
11/Feb/2019,This progressive advance Men and lady both motivating their right adore,0.0,0.0,mrbeerkhor,1,Positive
11/Feb/2019,Every woman are allowed into the temple premise let celebrate this Movement,0.0,0.0,rg2118,1,Positive
11/Feb/2019,finally the voice woman have been heard Supreme court now allows woman enter the temple premise,0.0,0.0,dear_priyanka22,1,Positive
11/Feb/2019,much needed initiative let log now Facebook,0.0,0.0,cmd_099,0,Neutral
11/Feb/2019,Its time vote Facebook support this cause,0.0,0.0,mridulkhurana,1,Positive
11/Feb/2019,Enormous yell out all female enthusiast open for female that truly need support tim,0.0,0.0,mrbeerkhor,1,Positive
11/Feb/2019,Everyone timeline join Facebook,0.0,0.0,cmd_099,1,Positive
11/Feb/2019,Every female should check the Temple show woman who haven been given entry this temple,0.0,0.0,rg2118,0,Neutral
11/Feb/2019,now the woman are being given equal right enter into the temple premise the Temple,0.0,0.0,itz_DhirakGupta,0,Neutral
11/Feb/2019,Allowingnwoemn temple let join this Facebook support this cause,0.0,0.0,mridulkhurana,1,Positive
11/Feb/2019,All woman must allowed visit Facebook support this cause,0.0,0.0,mridulkhurana,1,Positive
11/Feb/2019,Really this indeed something good have female can now take enter this Temple this,0.0,0.0,chandan80588,1,Positive
11/Feb/2019,Females check the temple Facebook with the time all come together,0.0,0.0,pintusadukhn,0,Neutral
11/Feb/2019,This initative Temple for allowing woman enter taken step now time,0.0,0.0,chandan80588,0,Neutral
11/Feb/2019,Let unite and stand solidarity with the woman that the discriminatory practice can abolished,0.0,0.0,rg2118,1,Positive
11/Feb/2019,all should contribute this big cause,0.0,0.0,rg2118,0,Neutral
11/Feb/2019,wonderful Initiative raise woman voice for their right for praying Women are al,0.0,0.0,Ranjith_offc,1,Positive
11/Feb/2019,comeon all girl visit this temple,0.0,0.0,pri_shah03,0,Neutral
11/Feb/2019,Let stand together and support this cause allowing woman enter into the,0.0,0.0,KrunalParikh11,1,Positive
11/Feb/2019,time show support for this movement allow woman the temple premise great decision supreme court,0.0,0.0,dimagkighanti2,1,Positive
11/Feb/2019,Let all together support and celebrate the Supreme Court decision Check Faceb,0.0,0.0,GadgetFreak_,1,Positive
11/Feb/2019,God for everyone pray and there shouldn any discriminatory practice for men and woman,0.0,0.0,daddysdol,1,Positive
11/Feb/2019,When the Supreme Court ha allowed Women enter Sabrimala Temple then one can stop them There reason,0.0,0.0,BornShanatic,1,Positive
11/Feb/2019,Come forward for this greatness,0.0,0.0,pri_shah03,0,Neutral
11/Feb/2019,Time check the support this cause allowing woman into the temple,0.0,0.0,KrunalParikh11,1,Positive
11/Feb/2019,There shouldn any discriminatory practice for men and woman going change this,0.0,0.0,GarimaRathi51,0,Neutral
11/Feb/2019,Females checkin and show the support this movement,0.0,0.0,Ranjith_offc,1,Positive
11/Feb/2019,Sabrimala temple board ha also allowed woman enter Time stand with many supporting their entry Sabari,0.0,0.0,StyloQueen_,1,Positive
11/Feb/2019,finally woman are being given equal right enter the temple premise the Temple,1.0,0.0,sneha_dear22,0,Neutral
11/Feb/2019,Let come together celebrate this great occasion woman being allowed enter the temple premise,0.0,0.0,dimagkighanti2,1,Positive
11/Feb/2019,Women have right enter into temple let support this cause,0.0,0.0,KrunalParikh11,1,Positive
11/Feb/2019,all should contribute this big cause,0.0,0.0,pri_shah03,0,Neutral
11/Feb/2019,Hurry female Time show support for this movement,0.0,0.0,behappy2593,1,Positive
11/Feb/2019,Let unite and stand solidarity with the woman that the discriminatory practice can abolished,0.0,0.0,ShahidsWarrior_,1,Positive
11/Feb/2019,Females should come ahead show support for this movement,0.0,0.0,behappy2593,1,Positive
11/Feb/2019,let join this revolutionary movement sweeping off the floor woman are now allowed the temple premise,0.0,0.0,dear_priyanka22,1,Positive
11/Feb/2019,Females should check Facebook support woman enter the temple Start,0.0,0.0,GadgetFreak_,1,Positive
11/Feb/2019,Calling more and more female show support for this movement,0.0,0.0,behappy2593,1,Positive
11/Feb/2019,The revolution ha begun And female shud check the Temple because also have right worship,0.0,0.0,daddysdol,1,Positive
11/Feb/2019,Guy Change happens when you dare something check the Temple support woman all over,0.0,0.0,vikash5973,1,Positive
